pclass,name,sex,age,sibsp,parch,ticket,fare,cabin,embarked,boat,body,home.dest,target
3.0,504,1,18.5,0.0,0.0,238,7.2292,170,0,26,58.0,313,0
2.0,73,1,28.0,0.0,0.0,653,10.5,170,2,26,,222,0
3.0,549,1,29.0,0.0,0.0,590,9.4833,170,2,26,,313,0
1.0,514,0,,1.0,0.0,99,51.8625,110,2,18,,248,1
1.0,991,1,60.0,0.0,0.0,55,26.55,170,2,26,,101,0
3.0,613,0,,0.0,0.0,206,7.225,170,0,23,,313,1
2.0,251,0,28.0,0.0,0.0,144,13.0,170,2,4,,171,1
2.0,983,1,30.0,1.0,0.0,655,21.0,170,2,26,,37,0
1.0,987,1,64.0,1.0,0.0,5,75.25,118,0,26,,225,0
3.0,882,1,,0.0,0.0,569,8.05,170,2,26,,313,0
3.0,767,0,,0.0,0.0,328,8.1375,170,1,26,,313,0
2.0,979,0,31.0,0.0,0.0,660,21.0,170,2,7,,181,1
1.0,832,0,18.0,2.0,2.0,695,262.375,41,0,13,,129,1
3.0,447,0,,0.0,0.0,600,8.05,170,2,23,,313,1
1.0,440,1,42.0,1.0,0.0,48,52.0,170,2,26,38.0,195,0
3.0,795,1,21.0,0.0,0.0,344,8.05,170,2,26,,313,0
3.0,61,1,20.0,0.0,0.0,235,7.225,170,0,26,,313,0
3.0,287,1,23.0,1.0,0.0,381,13.9,170,2,26,,299,0
3.0,574,1,20.0,1.0,0.0,756,7.925,170,2,8,,313,1
3.0,694,0,18.0,0.0,0.0,375,7.775,170,2,25,,313,1
3.0,940,1,0.4167,0.0,1.0,196,8.5167,170,0,10,,313,1
3.0,71,1,26.0,0.0,0.0,454,7.8958,170,2,26,,313,0
3.0,629,0,35.0,0.0,0.0,598,7.75,170,1,26,,313,0
3.0,661,1,,1.0,1.0,218,15.2458,170,0,23,,313,1
3.0,710,0,,0.0,0.0,323,7.8292,170,1,4,,313,1
3.0,1027,1,45.5,0.0,0.0,199,7.225,170,0,26,312.0,313,0
3.0,103,1,21.0,0.0,0.0,295,7.775,170,2,26,,31,0
2.0,423,0,55.0,0.0,0.0,175,16.0,170,2,4,,140,1
3.0,609,1,35.0,0.0,0.0,422,7.8958,170,0,26,,313,0
3.0,62,1,32.0,1.0,0.0,287,15.85,170,2,25,,234,0
3.0,278,0,23.0,0.0,0.0,747,8.05,170,2,26,,173,1
3.0,800,1,8.0,4.0,1.0,563,29.125,170,1,26,,313,0
3.0,475,1,33.0,0.0,0.0,589,8.6542,170,2,26,285.0,313,0
3.0,973,1,22.0,0.0,0.0,215,7.225,170,0,5,,313,1
1.0,619,1,54.0,0.0,0.0,98,51.8625,147,2,26,175.0,82,0
2.0,546,0,3.0,1.0,2.0,732,41.5792,170,0,7,,212,1
3.0,301,1,40.5,0.0,0.0,652,15.1,170,2,26,187.0,313,0
3.0,209,1,31.0,0.0,0.0,114,7.7333,170,1,26,,220,0
3.0,128,1,22.0,0.0,0.0,477,7.7958,170,2,26,,272,0
3.0,539,1,,0.0,0.0,424,7.8958,170,2,26,,313,0
1.0,170,1,36.0,1.0,0.0,103,78.85,80,2,26,172.0,160,0
3.0,43,0,18.0,1.0,0.0,443,17.8,170,2,26,,3,0
1.0,59,0,24.0,0.0,0.0,671,69.3,29,0,20,,214,1
3.0,1010,1,18.0,1.0,0.0,284,6.4958,170,2,26,314.0,313,0
2.0,187,0,25.0,1.0,1.0,150,30.0,170,2,3,,164,1
3.0,258,1,,0.0,0.0,444,7.8958,170,2,26,,313,0
1.0,793,1,38.0,0.0,0.0,110,0.0,170,2,26,,232,0
2.0,729,1,23.0,0.0,0.0,166,10.5,170,2,26,,125,0
3.0,697,1,39.0,0.0,0.0,759,7.925,170,2,20,,313,1
3.0,765,0,,1.0,1.0,224,22.3583,161,0,25,,313,1
1.0,966,1,61.0,0.0,0.0,7,33.5,21,2,26,245.0,43,0
3.0,418,0,,0.0,0.0,560,7.75,170,1,26,,313,0
1.0,273,0,27.0,1.0,1.0,675,247.5208,42,0,16,,188,1
3.0,383,1,,1.0,0.0,579,19.9667,170,2,26,,313,0
3.0,908,1,32.0,0.0,0.0,767,8.05,170,2,26,,313,0
1.0,349,1,24.0,0.0,0.0,685,79.2,52,0,26,,313,0
3.0,375,1,32.0,0.0,0.0,596,8.3625,170,2,26,,105,0
3.0,902,1,,0.0,0.0,605,8.05,170,2,26,,313,0
3.0,552,1,,3.0,1.0,572,25.4667,170,2,26,,313,0
3.0,970,0,18.0,2.0,0.0,354,18.0,170,2,26,,313,0
2.0,147,0,22.0,1.0,1.0,180,29.0,170,2,4,,15,1
3.0,445,1,,0.0,0.0,547,7.75,170,1,26,,313,0
1.0,111,0,58.0,0.0,0.0,43,26.55,56,2,18,,25,1
2.0,438,0,29.0,1.0,0.0,227,26.0,170,2,1,,96,1
3.0,225,1,19.0,0.0,0.0,718,8.1583,170,2,26,,38,0
3.0,57,0,17.0,0.0,0.0,198,14.4583,170,0,26,,313,0
2.0,96,0,19.0,0.0,0.0,264,13.0,170,2,3,,230,1
3.0,357,0,,0.0,0.0,340,7.75,170,1,4,,58,1
3.0,723,1,20.0,0.0,0.0,306,8.6625,170,2,26,,313,0
3.0,255,1,26.0,1.0,2.0,635,20.575,170,2,26,,80,0
2.0,425,1,32.0,2.0,0.0,716,73.5,170,2,26,256.0,298,0
2.0,93,1,34.0,0.0,0.0,174,13.0,128,2,4,,164,1
1.0,348,0,45.0,0.0,1.0,21,59.4,170,0,17,,195,1
3.0,415,0,22.0,0.0,0.0,592,8.9625,170,2,23,,313,1
2.0,874,0,18.0,0.0,2.0,190,13.0,170,2,10,,102,1
1.0,238,1,51.0,0.0,0.0,28,26.55,136,2,15,,159,1
2.0,351,1,21.0,1.0,0.0,256,11.5,170,2,26,,69,0
1.0,608,1,,0.0,0.0,71,29.7,81,0,17,,214,1
3.0,160,0,16.0,0.0,0.0,525,7.75,170,1,10,,62,1
2.0,466,1,22.0,2.0,0.0,641,31.5,170,2,26,,117,0
3.0,32,0,11.0,4.0,2.0,389,31.275,170,2,26,,271,0
3.0,303,1,40.5,0.0,0.0,526,7.75,170,1,26,68.0,9,0
3.0,485,1,,1.0,2.0,772,23.45,170,2,26,,313,0
3.0,618,0,,0.0,0.0,566,7.75,170,1,9,,313,1
2.0,536,0,26.0,1.0,1.0,189,26.0,170,2,26,,186,0
2.0,963,0,27.0,1.0,0.0,61,21.0,170,2,26,,223,0
1.0,782,1,47.0,0.0,0.0,2,52.0,60,2,26,207.0,309,0
3.0,149,1,17.0,0.0,0.0,300,8.6625,170,2,26,,313,0
3.0,36,1,20.0,0.0,0.0,400,7.8542,170,2,26,,269,0
3.0,60,1,23.0,0.0,0.0,402,7.8542,170,2,26,,154,0
3.0,664,1,,0.0,0.0,554,8.05,170,2,26,,313,0
3.0,861,1,,0.0,0.0,500,7.725,170,1,26,,313,0
3.0,497,1,30.0,0.0,0.0,452,7.8958,170,2,26,,313,0
2.0,786,0,33.0,0.0,2.0,202,26.0,170,2,2,,221,1
1.0,761,0,30.0,0.0,0.0,77,93.5,46,2,12,,313,1
3.0,34,1,27.0,0.0,0.0,476,7.7958,170,2,21,,313,1
2.0,168,1,54.0,1.0,0.0,165,26.0,170,2,26,,164,0
3.0,602,1,29.0,0.0,0.0,751,7.925,170,2,26,,313,0
3.0,769,1,19.0,0.0,0.0,421,7.8958,170,2,26,,313,0
1.0,959,1,31.0,0.0,0.0,191,28.5375,85,0,17,,2,1
3.0,502,1,39.0,0.0,1.0,462,13.4167,170,0,8,,313,1
2.0,931,1,18.5,0.0,0.0,179,13.0,158,2,26,294.0,313,0
3.0,859,1,20.0,0.0,0.0,622,8.05,170,2,26,,313,0
3.0,819,0,41.0,0.0,2.0,539,20.2125,170,2,26,,313,0
3.0,257,1,25.0,0.0,0.0,456,7.8958,170,2,26,,313,0
1.0,1003,0,55.0,0.0,0.0,707,135.6333,77,0,18,,197,1
3.0,920,1,19.0,0.0,0.0,415,7.8958,170,2,26,,313,0
3.0,668,1,,0.0,0.0,602,8.05,170,2,26,,313,0
2.0,201,1,24.0,0.0,0.0,255,10.5,170,2,20,,168,1
3.0,972,0,31.0,1.0,0.0,353,18.0,170,2,26,,313,0
3.0,12,0,18.0,0.0,1.0,568,9.35,170,2,4,,176,1
2.0,773,0,21.0,0.0,1.0,713,21.0,170,2,3,,137,1
3.0,704,0,,1.0,0.0,540,15.5,170,1,26,,313,1
3.0,239,1,0.3333,0.0,2.0,388,14.4,170,2,26,,259,0
1.0,75,0,26.0,0.0,0.0,103,78.85,170,2,16,,313,1
3.0,705,1,,0.0,0.0,336,7.7333,170,1,26,,313,0
3.0,277,0,24.0,0.0,0.0,532,7.75,170,1,26,,144,0
3.0,142,0,21.0,0.0,0.0,301,8.6625,170,2,26,,313,0
2.0,400,1,30.0,0.0,0.0,775,10.5,170,2,26,,293,0
2.0,89,0,12.0,2.0,1.0,125,39.0,167,2,4,,121,1
2.0,353,1,24.0,0.0,0.0,176,13.5,170,2,26,297.0,301,0
3.0,295,1,47.0,0.0,0.0,620,7.25,170,2,26,,138,0
1.0,399,1,45.0,1.0,0.0,538,83.475,96,2,26,,195,0
3.0,657,1,,1.0,0.0,550,24.15,170,1,26,,313,0
1.0,915,1,62.0,0.0,0.0,35,26.55,99,2,26,,306,0
3.0,627,0,,0.0,0.0,326,7.8792,170,1,4,,313,1
1.0,1015,1,21.0,0.0,1.0,689,61.3792,170,0,21,,107,1
3.0,364,1,1.0,5.0,2.0,654,46.9,170,2,26,,305,0
3.0,317,1,16.0,1.0,3.0,773,34.375,170,2,26,,231,0
2.0,623,1,32.0,0.0,0.0,140,13.5,170,2,26,209.0,274,0
2.0,79,1,51.0,0.0,0.0,717,12.525,170,2,26,174.0,147,0
1.0,454,0,38.0,0.0,0.0,36,80.0,26,3,16,,313,1
3.0,801,0,39.0,0.0,5.0,563,29.125,170,1,26,327.0,313,0
3.0,42,1,25.0,1.0,0.0,443,17.8,170,2,26,,3,0
3.0,952,1,,0.0,0.0,230,7.2292,170,0,26,,313,0
1.0,520,0,45.0,1.0,0.0,64,52.5542,108,2,14,,27,1
3.0,0,1,13.0,0.0,2.0,637,20.25,170,2,26,,88,0
3.0,660,1,,0.0,0.0,294,7.775,170,2,22,,313,1
3.0,116,1,,0.0,0.0,220,7.225,170,0,26,,275,0
3.0,212,1,43.0,0.0,0.0,617,8.05,170,2,26,,313,0
3.0,1011,1,21.0,1.0,0.0,283,6.4958,170,2,26,,313,0
3.0,589,0,23.0,0.0,0.0,403,7.8542,170,2,1,,313,1
2.0,432,1,23.0,2.0,1.0,274,11.5,170,2,26,,68,0
1.0,1017,0,31.0,0.0,0.0,94,134.5,143,0,12,,313,1
3.0,749,0,3.0,1.0,1.0,742,13.775,170,2,26,,313,0
1.0,169,1,49.0,0.0,0.0,104,26.0,170,2,26,,8,0
2.0,252,1,17.0,0.0,0.0,716,73.5,170,2,26,,313,0
3.0,478,0,1.0,1.0,1.0,405,11.1333,170,2,8,,313,1
3.0,721,0,23.0,0.0,0.0,299,8.6625,170,2,26,,313,0
3.0,224,1,59.0,0.0,0.0,508,7.25,170,2,26,,182,0
2.0,138,0,36.0,0.0,0.0,254,13.0,170,2,20,,243,1
1.0,639,1,28.0,1.0,0.0,693,82.1708,170,0,26,,195,0
3.0,628,0,15.0,0.0,0.0,324,8.0292,170,1,26,,313,1
1.0,919,0,62.0,0.0,0.0,36,80.0,26,3,16,,55,1
3.0,633,0,19.0,1.0,0.0,559,16.1,170,2,26,53.0,313,0
2.0,419,0,24.0,1.0,2.0,120,65.0,170,2,20,,245,1
3.0,1024,1,27.0,1.0,0.0,216,14.4542,170,0,23,,313,0
3.0,267,1,42.0,0.0,0.0,302,8.6625,170,2,26,,313,0
3.0,927,1,25.0,0.0,0.0,745,7.05,170,2,26,,313,0
1.0,41,0,53.0,2.0,0.0,68,51.4792,55,2,25,,19,1
3.0,194,1,20.0,0.0,0.0,737,7.05,170,2,26,,226,0
3.0,314,1,,0.0,0.0,93,56.4958,170,2,4,,133,1
2.0,1040,0,24.0,1.0,0.0,730,27.7208,170,0,3,,179,1
1.0,685,0,31.0,1.0,0.0,493,113.275,117,0,16,,158,1
2.0,995,0,29.0,0.0,2.0,273,23.0,170,2,7,,68,1
3.0,858,1,25.0,0.0,0.0,357,9.5,170,2,2,,313,1
3.0,363,1,9.0,5.0,2.0,654,46.9,170,2,26,,305,0
3.0,754,1,,0.0,0.0,616,8.05,170,2,26,,313,0
3.0,844,0,,8.0,2.0,657,69.55,170,2,26,,313,0
3.0,956,0,29.0,0.0,2.0,207,15.2458,170,0,23,,313,1
3.0,671,1,18.0,0.0,0.0,386,7.75,170,2,26,,313,0
1.0,612,0,18.0,1.0,0.0,39,53.1,113,2,1,,195,1
3.0,86,1,19.0,0.0,0.0,316,8.05,170,2,26,,92,0
2.0,780,1,34.0,0.0,0.0,186,13.0,170,2,26,,77,0
3.0,53,0,38.0,1.0,5.0,385,31.3875,170,2,8,,266,1
3.0,297,1,,0.0,0.0,201,7.225,170,0,26,,313,0
3.0,308,0,,0.0,0.0,516,7.75,170,1,26,,313,0
3.0,655,1,,0.0,0.0,626,8.05,170,2,26,,313,0
3.0,799,1,2.0,4.0,1.0,563,29.125,170,1,26,,313,0
1.0,596,0,15.0,0.0,1.0,161,211.3375,37,2,11,,258,1
2.0,586,0,42.0,1.0,0.0,723,26.0,170,2,26,,304,1
3.0,942,1,,0.0,0.0,237,6.4375,170,0,26,,313,0
3.0,631,1,,0.0,0.0,544,7.75,170,1,26,,313,0
3.0,1007,1,51.0,0.0,0.0,374,7.75,170,2,26,,313,0
3.0,16,1,20.0,0.0,0.0,744,7.925,170,2,26,,237,0
1.0,928,1,61.0,0.0,0.0,536,32.3208,127,2,26,46.0,122,0
3.0,196,1,24.0,0.0,0.0,549,7.25,170,1,26,,61,0
1.0,728,1,28.5,0.0,0.0,676,27.7208,121,0,26,189.0,0,0
1.0,822,1,36.0,0.0,0.0,78,40.125,0,0,26,,307,0
1.0,757,1,18.0,1.0,0.0,705,108.9,90,0,26,,180,0
3.0,708,0,,0.0,0.0,90,7.75,170,1,25,,313,1
3.0,949,1,30.5,0.0,0.0,507,8.05,170,2,26,50.0,313,0
3.0,790,1,,0.0,0.0,501,7.25,170,2,26,,313,0
1.0,358,1,49.0,1.0,0.0,97,89.1042,101,0,14,,215,1
3.0,38,1,26.0,0.0,0.0,412,7.8958,170,2,26,,48,0
3.0,159,1,24.0,0.0,0.0,489,7.8542,170,2,26,,111,0
2.0,434,0,54.0,1.0,3.0,275,23.0,170,2,13,,68,1
2.0,69,1,18.0,0.0,0.0,278,11.5,170,2,26,,218,0
1.0,335,1,37.0,1.0,0.0,57,53.1,64,2,26,,240,0
2.0,427,0,18.0,1.0,1.0,188,13.0,170,2,26,,153,0
3.0,592,1,,0.0,0.0,441,7.8958,170,2,26,,313,0
3.0,253,1,1.0,1.0,2.0,635,20.575,170,2,1,,80,1
3.0,762,1,25.0,1.0,0.0,390,7.775,170,2,8,,313,1
1.0,825,0,54.0,1.0,0.0,692,59.4,170,0,16,,195,1
3.0,64,0,0.75,2.0,1.0,222,19.2583,170,0,23,,278,1
2.0,421,1,49.0,1.0,2.0,120,65.0,170,2,26,,245,0
3.0,656,0,,1.0,0.0,550,24.15,170,1,10,,313,1
2.0,1000,1,,0.0,0.0,728,12.875,170,2,26,,313,0
1.0,681,1,37.0,0.0,1.0,688,29.7,63,0,26,,43,0
2.0,635,0,13.0,0.0,1.0,185,19.5,170,2,7,,93,1
3.0,134,0,18.5,0.0,0.0,318,7.2833,170,1,26,299.0,60,0
3.0,649,0,,0.0,0.0,335,7.8792,170,1,10,,313,1
3.0,326,1,,0.0,0.0,741,7.25,170,2,26,,313,0
3.0,10,0,40.0,1.0,0.0,591,9.475,170,2,26,,268,0
3.0,516,0,,1.0,0.0,217,14.4542,170,0,26,,313,0
3.0,968,1,28.0,0.0,0.0,359,9.5,170,2,26,,313,0
3.0,1031,1,26.5,0.0,0.0,213,7.225,170,0,26,304.0,313,0
3.0,954,1,,0.0,0.0,203,7.2292,170,0,26,,313,0
3.0,647,1,,0.0,0.0,428,7.8958,170,2,26,,313,0
3.0,198,1,24.0,0.0,0.0,418,7.4958,170,2,26,,313,0
2.0,113,1,26.0,0.0,0.0,145,13.0,170,2,26,,91,0
3.0,339,1,25.0,0.0,0.0,529,7.7417,170,1,26,,195,0
3.0,864,1,,0.0,0.0,429,7.8958,170,2,26,,313,0
2.0,141,0,42.0,0.0,0.0,138,13.0,170,2,26,,195,1
2.0,996,1,36.0,1.0,2.0,648,27.75,170,2,26,,30,0
3.0,430,0,2.0,0.0,1.0,292,12.2875,170,2,8,,313,1
3.0,219,1,30.0,0.0,0.0,750,8.05,170,2,26,,164,0
2.0,342,1,16.0,0.0,0.0,156,26.0,170,2,26,,162,0
1.0,1004,0,31.0,0.0,2.0,534,164.8667,92,2,18,,311,1
2.0,567,1,24.0,0.0,0.0,638,10.5,170,2,26,108.0,313,0
3.0,29,0,17.0,4.0,2.0,288,7.925,170,2,25,,233,1
2.0,133,0,20.0,1.0,0.0,139,26.0,170,2,3,,244,1
2.0,167,0,44.0,1.0,0.0,165,26.0,170,2,26,,164,0
2.0,700,1,20.0,0.0,0.0,729,13.8625,119,0,17,,64,1
3.0,878,1,,0.0,0.0,746,8.05,170,2,26,,313,0
2.0,402,0,7.0,0.0,2.0,661,26.25,170,2,7,,136,1
3.0,796,1,10.0,4.0,1.0,563,29.125,170,1,26,,313,0
2.0,643,1,48.0,0.0,0.0,132,13.0,170,2,26,271.0,66,0
3.0,912,0,23.0,0.0,0.0,656,7.55,170,2,23,,313,1
3.0,693,1,28.0,0.0,0.0,505,8.05,170,2,26,,313,0
3.0,382,0,24.0,0.0,0.0,442,8.85,170,2,26,,313,0
2.0,420,0,24.0,1.0,2.0,120,65.0,170,2,20,,245,1
3.0,597,1,24.0,0.0,0.0,628,7.1417,170,2,4,,313,1
1.0,720,1,,0.0,0.0,659,25.7417,170,0,17,,214,1
3.0,569,0,25.0,0.0,0.0,380,7.775,170,2,26,,313,0
3.0,416,1,28.0,0.0,0.0,449,7.8958,170,2,26,306.0,313,0
3.0,412,1,,0.0,0.0,93,56.4958,170,2,23,,313,1
1.0,299,0,54.0,1.0,0.0,535,78.2667,109,0,13,,42,1
3.0,855,0,1.0,1.0,1.0,710,16.7,168,2,4,,313,1
1.0,309,0,,0.0,0.0,96,110.8833,170,0,13,,313,1
1.0,875,1,35.0,0.0,0.0,669,26.2875,137,2,14,,258,1
3.0,268,1,43.0,0.0,0.0,433,7.8958,170,2,26,,313,0
3.0,1043,1,40.5,0.0,2.0,625,14.5,170,2,26,255.0,313,0
3.0,256,0,33.0,1.0,2.0,635,20.575,170,2,1,,80,1
3.0,44,1,24.0,0.0,0.0,466,7.775,170,2,26,,270,0
1.0,601,0,16.0,0.0,0.0,0,86.5,49,2,18,,313,1
1.0,1026,0,36.0,0.0,0.0,707,135.6333,77,0,18,,200,1
3.0,33,1,39.0,1.0,5.0,389,31.275,170,2,26,,271,0
1.0,123,1,,0.0,0.0,12,26.55,170,2,20,,177,1
3.0,472,1,34.0,0.0,0.0,282,6.4958,170,2,26,143.0,313,0
3.0,910,1,,0.0,0.0,417,7.8958,170,2,26,,313,0
2.0,999,1,66.0,0.0,0.0,636,10.5,170,2,26,,119,0
3.0,293,1,,0.0,0.0,231,7.225,170,0,26,,313,0
3.0,126,1,29.0,1.0,0.0,368,7.0458,170,2,26,,32,0
3.0,1036,0,36.0,1.0,0.0,352,17.4,170,2,4,,280,1
1.0,491,1,50.0,0.0,0.0,25,26.0,152,2,26,,164,0
3.0,30,0,38.0,4.0,2.0,397,7.775,170,2,26,,290,0
1.0,232,1,39.0,1.0,0.0,691,71.2833,97,0,26,,195,0
2.0,557,0,17.0,0.0,0.0,720,12.0,170,0,3,,24,1
1.0,345,0,35.0,0.0,0.0,31,211.5,68,0,13,,313,1
3.0,887,1,40.0,1.0,4.0,394,27.9,170,2,26,,313,0
1.0,371,1,38.0,0.0,1.0,680,153.4625,100,2,26,147.0,307,0
2.0,448,1,63.0,1.0,0.0,159,26.0,170,2,26,,273,0
3.0,856,0,4.0,1.0,1.0,710,16.7,168,2,4,,313,1
2.0,630,1,46.0,0.0,0.0,263,26.0,170,2,26,,230,0
3.0,538,0,37.0,0.0,0.0,574,9.5875,170,2,26,,313,0
3.0,837,1,,0.0,0.0,233,7.225,170,0,26,,313,0
3.0,1029,1,,0.0,0.0,198,14.4583,170,0,26,,313,0
3.0,417,0,28.0,0.0,0.0,392,7.775,170,2,26,,313,0
2.0,139,1,25.0,0.0,0.0,134,13.0,170,2,26,97.0,249,0
3.0,843,0,,8.0,2.0,657,69.55,170,2,26,,313,0
3.0,1028,1,,0.0,0.0,204,7.225,170,0,26,,313,0
1.0,132,0,59.0,2.0,0.0,68,51.4792,55,2,25,,22,1
3.0,1,1,16.0,1.0,1.0,637,20.25,170,2,26,190.0,88,0
3.0,390,0,45.0,1.0,0.0,469,14.1083,170,2,2,,313,1
3.0,488,1,23.0,0.0,0.0,414,7.8958,170,2,26,,313,0
1.0,905,0,40.0,1.0,1.0,94,134.5,141,0,12,,287,1
3.0,692,0,29.0,0.0,0.0,291,7.925,170,2,26,,313,0
1.0,917,0,43.0,1.0,0.0,72,55.4417,62,0,14,,201,1
3.0,871,0,,0.0,0.0,331,7.7792,170,1,26,,313,1
3.0,380,1,28.0,2.0,0.0,286,7.925,170,2,26,,234,0
3.0,675,0,1.0,0.0,2.0,210,15.7417,170,0,23,,313,1
1.0,23,0,25.0,1.0,2.0,42,151.55,72,2,26,,189,0
3.0,67,0,24.0,0.0,3.0,222,19.2583,170,0,23,,278,1
2.0,449,0,60.0,1.0,0.0,159,26.0,170,2,26,,273,0
3.0,946,1,32.0,0.0,0.0,761,7.925,170,2,26,,313,0
1.0,408,0,24.0,0.0,0.0,67,83.1583,86,0,17,,195,1
3.0,561,1,,1.0,0.0,543,15.5,170,1,26,,313,0
3.0,404,1,,0.0,0.0,571,6.8583,170,1,26,,313,0
3.0,701,1,28.5,0.0,0.0,248,7.2292,170,0,26,181.0,313,0
3.0,492,0,21.0,1.0,0.0,575,9.825,170,2,26,,313,0
3.0,118,1,40.0,1.0,1.0,513,15.5,170,1,26,,143,0
1.0,811,0,43.0,0.0,1.0,161,211.3375,27,2,11,,258,1
2.0,804,1,3.0,1.0,1.0,276,18.75,170,2,13,,68,1
2.0,285,0,27.0,1.0,0.0,727,13.8583,170,0,3,,16,1
1.0,405,1,27.0,0.0,0.0,678,76.7292,126,0,12,,313,1
2.0,5,1,30.0,1.0,0.0,667,24.0,170,0,26,,236,0
3.0,1030,0,,1.0,0.0,221,14.4542,170,0,26,,313,0
3.0,77,0,27.0,0.0,0.0,319,7.8792,170,1,26,,195,0
2.0,680,1,32.5,1.0,0.0,149,30.0708,170,0,26,43.0,195,0
3.0,17,1,24.0,0.0,0.0,739,7.05,170,2,26,,313,0
2.0,205,0,31.0,1.0,1.0,643,26.25,170,2,7,,26,1
2.0,803,1,0.8333,1.0,1.0,276,18.75,170,2,13,,68,1
3.0,1033,1,29.0,0.0,0.0,298,7.875,170,2,26,,313,0
3.0,234,1,45.0,0.0,0.0,594,8.05,170,2,8,,10,1
3.0,510,1,44.0,0.0,0.0,504,8.05,170,2,26,,313,0
3.0,736,1,7.0,4.0,1.0,289,39.6875,170,2,26,,313,0
3.0,921,0,22.0,0.0,0.0,593,9.8375,170,2,26,,313,0
3.0,854,1,,2.0,0.0,219,21.6792,170,0,26,,313,0
3.0,696,1,21.0,0.0,0.0,490,7.8542,170,2,26,,313,0
3.0,807,1,35.0,0.0,0.0,753,7.125,170,2,26,,313,0
3.0,939,1,34.0,0.0,0.0,503,8.05,170,2,26,176.0,313,0
3.0,1025,0,15.0,1.0,0.0,216,14.4542,170,0,26,,313,1
1.0,441,0,35.0,1.0,0.0,48,52.0,170,2,18,,195,1
3.0,99,1,,0.0,0.0,193,7.2292,170,0,26,,313,0
3.0,368,1,40.0,1.0,6.0,654,46.9,170,2,26,,305,0
2.0,433,1,36.0,0.0,0.0,162,13.0,170,2,26,,81,0
3.0,499,1,22.0,0.0,0.0,484,7.5208,170,2,26,,313,0
3.0,518,1,,0.0,0.0,530,7.7375,170,1,26,,313,0
1.0,241,1,27.0,0.0,0.0,58,30.5,170,2,12,,220,1
3.0,215,1,27.0,0.0,0.0,436,7.8958,170,2,26,,11,0
3.0,369,0,43.0,1.0,6.0,654,46.9,170,2,26,,305,0
3.0,872,1,,0.0,0.0,556,8.05,170,2,26,,313,0
3.0,922,1,31.0,0.0,0.0,758,7.925,170,2,20,,313,1
3.0,63,0,33.0,3.0,0.0,287,15.85,170,2,26,,234,1
2.0,698,1,28.0,0.0,0.0,116,13.5,170,2,26,287.0,108,0
3.0,638,1,55.5,0.0,0.0,603,8.05,170,2,26,201.0,313,0
2.0,90,0,36.0,0.0,3.0,125,39.0,167,2,2,,121,1
1.0,938,0,39.0,1.0,1.0,96,110.8833,91,0,13,,128,1
1.0,617,1,46.0,0.0,0.0,79,75.2417,88,0,26,292.0,291,0
2.0,200,1,28.0,0.0,0.0,181,13.0,170,2,26,,130,0
3.0,1019,1,,0.0,0.0,609,7.25,170,2,26,,313,0
1.0,281,0,48.0,1.0,0.0,65,39.6,3,0,0,,170,1
3.0,406,1,11.0,0.0,0.0,250,18.7875,170,0,26,,313,0
3.0,755,1,21.0,0.0,0.0,762,7.925,170,2,26,,313,0
3.0,490,1,27.0,0.0,0.0,488,7.8542,170,2,26,,313,0
2.0,83,1,32.0,1.0,0.0,272,26.0,170,2,4,,205,1
1.0,527,1,,0.0,0.0,23,26.55,65,2,26,,225,0
2.0,863,1,26.0,0.0,0.0,173,13.0,170,2,26,,201,0
3.0,227,1,44.0,0.0,1.0,551,16.1,170,2,26,,29,0
3.0,893,1,,0.0,0.0,297,8.6625,170,2,26,,313,0
1.0,327,1,,0.0,0.0,41,26.55,115,2,26,,302,0
3.0,489,1,32.0,0.0,0.0,492,7.8542,170,2,8,,313,1
3.0,806,0,22.0,0.0,0.0,289,39.6875,170,2,26,,313,0
1.0,359,0,,1.0,0.0,97,89.1042,101,0,14,,215,1
2.0,565,1,36.0,0.0,0.0,733,12.875,104,0,26,,188,0
1.0,162,1,28.0,0.0,0.0,29,47.1,170,2,26,,187,0
2.0,146,1,26.0,1.0,1.0,180,29.0,170,2,4,,15,1
1.0,866,1,34.0,0.0,0.0,51,26.55,170,2,17,,195,1
3.0,971,1,16.0,2.0,0.0,354,18.0,170,2,26,,313,0
3.0,291,1,16.0,0.0,0.0,383,7.775,170,2,26,,149,0
2.0,40,0,36.0,1.0,0.0,121,26.0,170,2,2,,294,1
3.0,7,0,18.0,0.0,0.0,214,7.2292,170,0,23,,114,1
1.0,944,0,,0.0,0.0,681,79.2,170,0,25,,195,1
3.0,51,1,40.0,1.0,5.0,385,31.3875,170,2,26,142.0,266,0
2.0,984,1,23.0,1.0,0.0,270,10.5,170,2,26,,313,0
1.0,94,1,26.0,0.0,0.0,10,30.0,70,0,14,,195,1
3.0,582,1,,0.0,0.0,75,7.8792,170,2,26,153.0,313,0
2.0,530,1,,0.0,0.0,155,0.0,170,2,26,,20,0
1.0,918,0,52.0,1.0,0.0,535,78.2667,109,0,13,,128,1
3.0,8,1,30.0,0.0,0.0,631,7.25,170,2,26,72.0,7,0
3.0,924,0,29.0,1.0,1.0,370,10.4625,168,2,26,,313,0
3.0,836,1,25.0,0.0,0.0,229,7.225,170,0,26,,313,0
3.0,964,0,10.0,0.0,2.0,361,24.15,170,2,26,,313,0
3.0,808,0,,0.0,0.0,338,7.7208,170,1,4,,313,1
3.0,1044,1,,0.0,0.0,363,9.5,170,2,26,,313,0
3.0,576,1,,0.0,0.0,332,7.8792,170,1,26,,313,0
2.0,496,0,24.0,1.0,0.0,171,26.0,170,2,3,,190,1
3.0,3,0,16.0,0.0,0.0,410,7.65,170,2,10,,204,1
1.0,181,0,36.0,0.0,0.0,695,262.375,43,0,13,,313,1
2.0,437,1,44.0,1.0,0.0,227,26.0,170,2,26,,96,0
3.0,962,0,63.0,0.0,0.0,573,9.5875,170,2,8,,313,1
3.0,509,0,,0.0,0.0,91,7.75,170,1,25,,313,1
3.0,998,0,38.0,0.0,0.0,242,7.2292,170,0,23,,313,1
3.0,414,0,23.0,0.0,0.0,766,7.925,170,2,26,,313,0
1.0,392,1,25.0,1.0,0.0,66,55.4417,149,0,14,,43,1
2.0,395,0,6.0,0.0,1.0,177,33.0,170,2,2,,78,1
3.0,986,1,,0.0,0.0,651,7.55,170,2,26,,313,0
1.0,566,1,,0.0,0.0,699,27.7208,170,0,26,,54,0
3.0,74,0,45.0,0.0,1.0,244,14.4542,170,0,26,,279,0
3.0,977,1,22.0,0.0,0.0,458,7.8958,170,2,26,,313,0
3.0,493,1,32.0,0.0,0.0,757,7.925,170,2,8,,313,1
2.0,545,0,1.0,1.0,2.0,732,41.5792,170,0,7,,212,1
2.0,763,1,41.0,0.0,0.0,142,13.0,170,2,26,,313,0
2.0,325,1,36.0,0.0,0.0,123,13.0,170,2,26,236.0,230,0
3.0,607,1,,0.0,0.0,212,7.2292,159,0,26,,313,0
2.0,870,0,25.0,0.0,1.0,126,26.0,170,2,3,,76,1
3.0,961,0,18.0,0.0,0.0,576,9.8417,170,2,8,,313,1
3.0,764,1,,1.0,1.0,224,22.3583,170,0,23,,313,1
2.0,547,1,25.0,1.0,2.0,732,41.5792,170,0,26,,212,0
1.0,329,1,43.0,1.0,0.0,102,27.7208,120,0,14,,195,1
1.0,245,1,31.0,1.0,0.0,658,52.0,45,2,26,,188,0
3.0,461,1,29.0,0.0,0.0,446,7.8958,170,0,8,,313,1
3.0,621,0,,2.0,0.0,522,23.25,170,1,10,,313,1
1.0,307,0,,0.0,0.0,690,31.6833,170,2,17,,195,1
2.0,526,1,57.0,0.0,0.0,117,12.35,170,1,26,,109,0
1.0,428,1,55.0,0.0,0.0,583,50.0,78,2,26,,166,0
3.0,27,0,6.0,4.0,2.0,389,31.275,170,2,26,,271,0
1.0,892,1,56.0,0.0,0.0,50,26.55,170,2,26,,195,0
3.0,743,1,21.0,0.0,0.0,309,8.6625,170,2,26,,313,0
3.0,632,1,24.0,1.0,0.0,559,16.1,170,2,26,,313,0
3.0,529,0,36.0,0.0,2.0,486,12.1833,170,2,26,,313,0
1.0,831,1,13.0,2.0,2.0,695,262.375,41,0,13,,129,1
1.0,242,0,33.0,0.0,0.0,42,151.55,170,2,18,,313,1
3.0,1018,1,27.0,0.0,0.0,314,8.6625,170,2,26,131.0,313,0
2.0,352,1,21.0,1.0,0.0,257,11.5,170,2,26,,69,0
1.0,373,1,23.0,0.0,1.0,706,63.3583,105,0,17,,195,1
3.0,223,0,36.0,0.0,2.0,649,15.9,170,2,11,,99,1
2.0,495,1,34.0,1.0,0.0,171,26.0,170,2,26,283.0,190,0
2.0,465,1,24.0,2.0,0.0,641,31.5,170,2,26,,117,0
2.0,542,1,,0.0,0.0,157,10.7083,170,1,26,,313,0
3.0,562,1,36.0,0.0,0.0,665,0.0,170,2,26,,313,0
1.0,300,0,36.0,0.0,0.0,674,31.6792,10,0,26,,195,0
3.0,706,1,,0.0,0.0,548,7.75,170,1,26,,313,0
1.0,401,1,40.0,0.0,0.0,18,0.0,53,2,26,110.0,313,0
3.0,766,0,,0.0,2.0,224,22.3583,170,0,25,,313,1
3.0,11,1,0.8333,0.0,1.0,568,9.35,170,2,2,,176,1
2.0,290,1,23.0,0.0,0.0,281,13.0,170,2,26,,94,0
1.0,981,0,35.0,0.0,0.0,702,512.3292,170,0,12,,313,1
3.0,13,1,26.0,0.0,0.0,250,18.7875,170,0,8,,276,1
3.0,606,0,,0.0,0.0,531,7.7375,170,1,10,,313,1
1.0,331,0,48.0,1.0,1.0,86,79.2,33,0,14,,312,1
3.0,610,1,33.0,0.0,0.0,463,7.8958,170,2,26,,313,0
2.0,121,1,27.0,0.0,0.0,118,13.0,170,2,26,,156,0
2.0,178,1,37.0,1.0,0.0,722,26.0,170,2,26,17.0,73,0
1.0,374,0,45.0,0.0,1.0,706,63.3583,105,0,17,,195,1
3.0,967,1,33.0,0.0,0.0,366,9.5,170,2,26,,313,0
1.0,92,0,47.0,1.0,1.0,62,52.5542,116,2,14,,195,1
3.0,634,0,,0.0,0.0,347,8.05,170,2,26,,313,0
3.0,411,1,27.0,0.0,0.0,395,6.975,170,2,8,,313,1
3.0,270,1,,0.0,0.0,241,7.2292,170,0,26,,313,0
1.0,157,1,36.0,0.0,1.0,702,512.3292,39,0,12,,14,1
3.0,897,0,,0.0,0.0,339,7.7333,170,1,4,,313,1
3.0,443,0,27.0,0.0,0.0,765,7.925,170,2,26,,313,1
1.0,171,0,76.0,1.0,0.0,103,78.85,80,2,16,,160,1
3.0,361,1,33.0,1.0,1.0,502,20.525,170,2,26,,264,0
3.0,625,0,,0.0,0.0,327,7.7875,170,1,4,,313,1
2.0,888,0,30.0,0.0,0.0,135,12.35,170,1,4,,124,1
3.0,955,1,7.0,1.0,1.0,207,15.2458,170,0,23,,313,1
3.0,900,1,19.0,0.0,0.0,409,7.65,163,2,26,,313,0
3.0,947,1,,0.0,0.0,565,7.75,166,1,26,,313,0
3.0,867,1,,0.0,0.0,546,7.75,170,1,26,,313,0
3.0,554,0,,3.0,1.0,572,25.4667,170,2,26,,313,0
2.0,985,0,31.0,0.0,0.0,655,21.0,170,2,1,,37,1
3.0,771,0,18.0,0.0,0.0,393,7.775,170,2,26,,313,0
1.0,105,1,25.0,1.0,0.0,74,91.0792,36,0,17,,84,1
3.0,744,1,19.0,0.0,0.0,497,14.5,170,2,26,,313,0
3.0,845,0,,8.0,2.0,657,69.55,170,2,26,,313,0
1.0,104,1,25.0,0.0,0.0,89,26.0,170,0,26,148.0,238,0
3.0,525,0,26.0,1.0,1.0,313,22.025,170,2,11,,313,1
1.0,207,1,37.0,1.0,1.0,703,83.1583,150,0,26,,157,0
3.0,356,0,16.0,0.0,0.0,495,7.7333,170,1,10,,62,1
2.0,247,1,8.0,1.0,1.0,644,36.75,170,2,7,,256,1
3.0,579,1,28.0,0.0,0.0,93,56.4958,170,2,26,,313,0
3.0,254,0,0.1667,1.0,2.0,635,20.575,170,2,1,,80,1
3.0,851,1,39.0,0.0,0.0,290,7.925,170,2,26,,313,0
2.0,605,0,24.0,1.0,1.0,712,37.0042,170,0,1,,213,1
3.0,524,1,29.0,3.0,1.0,313,22.025,170,2,11,,313,1
1.0,899,0,23.0,1.0,0.0,113,82.2667,35,2,17,,186,1
2.0,993,1,2.0,1.0,1.0,273,23.0,170,2,7,,68,1
1.0,815,1,45.0,0.0,0.0,13,26.55,170,2,20,,195,1
1.0,1005,1,57.0,1.0,1.0,534,164.8667,170,2,26,,311,0
1.0,163,1,17.0,0.0,0.0,29,47.1,170,2,26,,187,0
1.0,817,1,,0.0,0.0,38,50.0,12,2,26,,241,0
2.0,264,1,18.0,0.0,0.0,716,73.5,170,2,26,,194,0
3.0,885,0,9.0,3.0,2.0,394,27.9,170,2,26,,313,0
3.0,249,1,22.0,0.0,0.0,721,8.05,170,2,26,,313,0
3.0,18,1,25.0,0.0,0.0,740,7.05,170,2,26,79.0,6,0
1.0,923,1,67.0,1.0,0.0,672,221.7792,87,2,26,96.0,195,0
3.0,884,1,21.0,0.0,0.0,755,7.925,170,2,26,,313,0
1.0,410,0,52.0,1.0,1.0,77,93.5,44,2,12,,188,1
2.0,343,1,26.0,0.0,0.0,293,10.5,170,2,26,,117,0
1.0,909,1,32.0,0.0,0.0,81,30.5,38,0,12,,18,1
3.0,510,1,34.5,0.0,0.0,322,7.8292,170,1,26,70.0,313,0
2.0,992,1,27.0,1.0,0.0,122,26.0,170,2,26,293.0,40,0
3.0,669,0,,1.0,0.0,524,15.5,170,1,10,,313,1
3.0,248,1,24.0,2.0,0.0,607,24.15,170,2,26,,297,0
2.0,204,1,31.0,1.0,1.0,643,26.25,170,2,26,,26,0
3.0,152,1,21.0,0.0,0.0,515,7.75,170,1,26,,145,0
1.0,1001,1,54.0,0.0,1.0,494,77.2875,111,2,26,,44,0
1.0,903,1,6.0,0.0,2.0,94,134.5,141,0,12,,287,1
1.0,173,1,46.0,1.0,0.0,774,61.175,139,2,26,,4,0
1.0,873,0,40.0,0.0,0.0,680,153.4625,66,2,12,,198,1
3.0,842,1,14.5,8.0,2.0,657,69.55,170,2,26,67.0,313,0
3.0,117,0,,0.0,2.0,512,7.75,170,1,26,,143,0
3.0,346,1,,0.0,0.0,460,7.8958,170,0,26,,313,0
2.0,636,0,41.0,0.0,1.0,185,19.5,170,2,7,,93,1
3.0,667,0,24.0,0.0,0.0,564,7.75,170,1,8,,313,1
2.0,548,0,22.0,1.0,2.0,732,41.5792,170,0,7,,212,1
3.0,563,1,39.0,0.0,0.0,607,24.15,170,2,26,,313,0
3.0,730,1,2.0,3.0,1.0,464,21.075,170,2,26,4.0,313,0
1.0,319,0,24.0,3.0,2.0,108,263.0,73,2,1,,307,1
3.0,662,0,,0.0,2.0,218,15.2458,170,0,23,,313,1
3.0,670,0,,1.0,0.0,524,15.5,170,1,10,,313,1
1.0,834,1,61.0,1.0,3.0,695,262.375,41,0,26,,129,0
2.0,446,1,42.0,0.0,0.0,151,13.0,170,2,1,,282,1
3.0,185,1,32.0,0.0,0.0,93,56.4958,170,2,23,,133,1
1.0,21,1,0.9167,1.0,2.0,42,151.55,72,2,2,,189,1
3.0,883,1,40.0,0.0,0.0,457,7.8958,170,2,26,,313,0
3.0,691,0,14.0,1.0,0.0,208,11.2417,170,0,23,,313,1
3.0,732,0,3.0,3.0,1.0,464,21.075,170,2,26,,313,0
3.0,620,0,,2.0,0.0,522,23.25,170,1,10,,313,1
2.0,14,1,30.0,0.0,0.0,182,13.0,170,2,26,,46,0
1.0,611,1,19.0,1.0,0.0,39,53.1,113,2,26,,195,0
1.0,648,1,30.0,1.0,0.0,82,57.75,93,0,2,,195,1
1.0,183,1,45.0,0.0,0.0,686,29.7,16,0,17,,214,1
3.0,54,0,45.0,0.0,0.0,247,7.225,170,0,23,,210,1
3.0,677,0,19.0,1.0,1.0,210,15.7417,170,0,23,,313,1
3.0,115,0,9.0,1.0,1.0,234,15.2458,170,0,26,,277,0
1.0,577,0,16.0,0.0,1.0,684,39.4,112,2,20,,214,1
2.0,271,0,34.0,0.0,1.0,128,23.0,170,2,26,,246,1
3.0,362,0,31.0,1.0,1.0,502,20.525,170,2,24,,264,1
1.0,175,1,27.0,1.0,0.0,59,53.1,157,2,14,,199,1
2.0,46,1,57.0,0.0,0.0,168,13.0,170,2,26,,300,0
1.0,323,1,64.0,1.0,4.0,108,263.0,73,2,26,,307,0
3.0,913,1,21.0,0.0,0.0,606,8.05,170,2,26,,313,0
2.0,150,1,,0.0,0.0,153,0.0,170,2,26,,20,0
1.0,1008,1,27.0,0.0,2.0,31,211.5,95,0,26,,90,0
1.0,344,1,47.0,0.0,0.0,8,38.5,153,2,26,275.0,253,0
3.0,1037,1,30.0,0.0,0.0,362,9.5,170,2,2,,21,1
2.0,422,0,48.0,1.0,2.0,120,65.0,170,2,20,,245,1
1.0,599,1,30.0,0.0,0.0,3,26.0,59,2,26,,39,0
3.0,941,1,,1.0,0.0,192,6.4375,170,0,26,,313,0
1.0,360,1,71.0,0.0,0.0,701,34.6542,14,0,26,,195,0
3.0,709,0,,0.0,0.0,330,7.8792,170,1,26,,313,1
1.0,742,1,45.5,0.0,0.0,24,28.5,65,2,26,166.0,265,0
1.0,22,0,2.0,1.0,2.0,42,151.55,72,2,26,,189,0
2.0,889,1,35.0,0.0,0.0,258,10.5,170,2,26,,67,0
3.0,151,0,21.0,0.0,0.0,511,7.75,170,1,26,,313,0
1.0,820,0,33.0,0.0,0.0,700,27.7208,1,0,2,,214,1
1.0,202,1,47.0,0.0,0.0,578,25.5875,151,2,26,,292,0
3.0,216,1,19.0,0.0,0.0,438,7.8958,170,2,26,,11,0
3.0,222,1,3.0,1.0,1.0,649,15.9,170,2,11,,99,1
3.0,522,1,26.0,2.0,0.0,311,8.6625,170,2,26,,313,0
3.0,846,1,,8.0,2.0,657,69.55,170,2,26,,313,0
2.0,145,1,0.8333,0.0,2.0,180,29.0,170,2,4,,15,1
3.0,626,1,,0.0,0.0,520,15.5,170,1,26,,313,0
2.0,179,0,29.0,1.0,0.0,722,26.0,170,2,26,,73,0
3.0,925,1,16.0,0.0,0.0,749,8.05,170,2,22,,313,1
2.0,84,0,19.0,1.0,0.0,272,26.0,170,2,4,,205,1
3.0,835,1,,0.0,0.0,228,7.2292,170,0,26,,313,0
3.0,296,0,5.0,0.0,0.0,510,12.475,170,2,4,,195,1
1.0,37,0,63.0,1.0,0.0,83,77.9583,130,2,1,,134,1
3.0,750,1,,0.0,0.0,348,7.0,170,2,26,,313,0
3.0,587,1,27.0,0.0,0.0,310,8.6625,170,2,8,,313,1
1.0,827,1,33.0,0.0,0.0,49,26.55,170,2,26,109.0,164,0
3.0,501,0,4.0,0.0,1.0,462,13.4167,170,0,8,,313,1
2.0,739,1,28.0,0.0,0.0,719,10.5,170,2,26,,252,0
3.0,378,1,20.0,0.0,0.0,587,9.8458,170,2,26,,296,0
3.0,595,0,,0.0,0.0,542,7.75,170,1,8,,313,1
2.0,776,0,32.0,0.0,0.0,133,13.0,170,2,20,,235,1
3.0,707,1,,0.0,0.0,521,7.75,170,1,26,,313,0
3.0,695,0,26.0,0.0,0.0,404,7.8542,170,2,4,,313,1
1.0,1016,1,,0.0,0.0,34,35.0,67,2,26,,174,0
3.0,532,1,25.0,0.0,0.0,211,7.2292,160,0,1,,313,1
1.0,166,1,36.0,1.0,2.0,37,120.0,54,2,23,,45,1
2.0,221,1,21.0,0.0,0.0,277,11.5,170,2,26,,218,0
2.0,865,1,25.0,0.0,0.0,170,13.0,170,2,26,,161,0
2.0,140,1,42.0,0.0,0.0,167,13.0,170,2,26,,164,0
2.0,759,1,19.0,0.0,0.0,269,10.5,170,2,26,,120,0
2.0,665,1,16.0,0.0,0.0,714,10.5,170,2,26,,123,0
2.0,794,0,28.0,0.0,0.0,127,13.0,170,2,20,,250,1
3.0,494,1,21.0,0.0,0.0,597,8.4333,170,2,26,,313,0
1.0,457,1,49.0,0.0,0.0,17,0.0,40,2,23,,161,1
3.0,731,1,6.0,3.0,1.0,464,21.075,170,2,26,,313,0
3.0,901,1,30.0,0.0,0.0,604,8.05,170,2,26,,313,0
1.0,575,0,55.0,0.0,0.0,20,27.7208,170,0,16,,260,1
1.0,56,1,47.0,1.0,0.0,704,227.525,89,0,26,124.0,195,0
3.0,976,0,14.0,0.0,0.0,487,7.8542,170,2,26,,313,0
3.0,122,0,22.0,0.0,0.0,337,7.725,170,1,4,,152,1
1.0,551,0,30.0,0.0,0.0,708,106.425,170,0,11,,313,1
3.0,911,1,33.0,0.0,0.0,445,8.6625,170,0,26,,313,0
1.0,109,1,45.0,0.0,0.0,44,35.5,169,2,26,,286,0
3.0,31,0,9.0,4.0,2.0,389,31.275,170,2,26,,271,0
1.0,176,0,33.0,1.0,0.0,59,53.1,157,2,14,,199,1
1.0,583,1,29.0,0.0,0.0,30,30.0,129,2,26,126.0,251,0
1.0,324,0,60.0,1.0,4.0,108,263.0,73,2,1,,307,1
3.0,486,0,,1.0,2.0,772,23.45,170,2,26,,313,0
1.0,370,0,19.0,0.0,0.0,16,30.0,34,2,12,,115,1
3.0,777,1,,0.0,0.0,434,7.8958,170,2,26,,313,0
3.0,261,1,22.0,0.0,0.0,613,7.25,170,2,26,,313,0
3.0,453,1,,0.0,0.0,369,7.8875,170,2,23,,313,1
3.0,715,1,9.0,0.0,1.0,627,3.1708,170,2,4,,313,1
3.0,148,1,17.0,0.0,0.0,305,8.6625,170,2,26,,313,0
3.0,189,1,18.0,1.0,0.0,236,14.4542,170,0,26,,112,0
3.0,666,0,,0.0,0.0,496,7.7333,170,1,10,,313,1
1.0,153,0,53.0,0.0,0.0,694,27.4458,170,0,16,,295,1
3.0,387,1,41.0,2.0,0.0,469,14.1083,170,2,26,,313,0
1.0,686,0,23.0,1.0,0.0,493,113.275,117,0,16,,158,1
1.0,333,1,,0.0,0.0,17,0.0,19,2,26,,313,0
3.0,372,1,51.0,0.0,0.0,115,8.05,170,2,26,,83,0
1.0,143,1,,0.0,0.0,54,31.0,170,2,26,,313,0
1.0,850,1,,0.0,0.0,6,26.0,170,2,0,,195,1
3.0,20,1,35.0,0.0,0.0,553,8.05,170,2,26,,178,0
3.0,366,0,16.0,5.0,2.0,654,46.9,170,2,26,,305,0
3.0,573,0,30.0,1.0,0.0,465,15.55,170,2,21,,313,0
2.0,828,0,21.0,0.0,0.0,640,10.5,170,2,3,,118,1
3.0,381,1,19.0,0.0,0.0,378,7.775,170,2,26,,192,0
3.0,555,0,,3.0,1.0,572,25.4667,170,2,26,,313,0
1.0,265,1,31.0,1.0,0.0,100,57.0,22,2,12,,50,1
3.0,712,1,23.0,0.0,0.0,586,9.225,170,2,26,,313,0
3.0,284,1,24.0,0.0,0.0,715,7.55,170,2,25,,98,1
1.0,80,1,24.0,0.0,1.0,675,247.5208,42,0,26,,188,0
3.0,474,1,22.0,0.0,0.0,482,7.7958,170,2,26,156.0,313,0
2.0,302,1,18.0,0.0,0.0,137,13.0,170,2,26,,208,0
3.0,622,1,,2.0,0.0,522,23.25,170,1,10,,313,1
1.0,144,1,42.0,0.0,0.0,670,26.2875,137,2,14,,195,1
1.0,426,1,,0.0,0.0,98,51.8625,147,2,26,,34,0
1.0,726,1,65.0,0.0,1.0,33,61.9792,28,0,26,234.0,228,0
3.0,857,0,24.0,0.0,2.0,710,16.7,168,2,4,,313,1
3.0,511,1,,0.0,0.0,533,7.75,170,1,26,,313,1
3.0,237,1,29.0,0.0,0.0,562,7.75,170,1,6,,57,1
3.0,467,1,20.0,0.0,0.0,481,7.8542,170,2,26,,313,0
2.0,785,0,8.0,1.0,1.0,202,26.0,170,2,2,,221,1
3.0,65,0,0.75,2.0,1.0,222,19.2583,170,0,23,,278,1
3.0,471,1,,0.0,0.0,581,8.1125,170,2,4,,313,1
2.0,218,0,,0.0,0.0,663,21.0,170,2,26,,289,0
1.0,714,0,39.0,0.0,0.0,705,108.9,58,0,18,,313,1
1.0,186,1,,0.0,0.0,14,0.0,170,2,26,,163,0
1.0,184,0,,0.0,1.0,32,55.0,140,2,16,,257,1
3.0,158,1,28.0,0.0,0.0,475,7.7958,170,2,26,,74,0
1.0,246,0,27.0,1.0,2.0,658,52.0,45,2,12,,188,1
3.0,101,1,32.0,0.0,0.0,93,56.4958,170,2,23,,133,1
3.0,778,1,17.0,0.0,0.0,307,8.6625,170,2,26,,313,0
3.0,556,0,,0.0,4.0,572,25.4667,170,2,26,,313,0
1.0,288,0,23.0,0.0,1.0,67,83.1583,86,0,17,,191,1
1.0,164,1,11.0,1.0,2.0,37,120.0,54,2,13,,45,1
3.0,703,1,,0.0,0.0,334,7.8292,170,1,26,,313,0
2.0,452,1,33.0,0.0,0.0,734,12.275,170,2,26,,220,0
3.0,469,1,17.0,1.0,0.0,480,7.0542,170,2,26,,313,0
3.0,15,1,26.0,0.0,0.0,398,7.8875,170,2,26,,98,0
3.0,926,1,44.0,0.0,0.0,752,7.925,170,2,8,,313,1
1.0,336,0,35.0,1.0,0.0,57,53.1,64,2,25,,240,1
3.0,78,1,22.0,0.0,0.0,317,8.05,170,2,26,,100,0
1.0,311,1,36.0,0.0,0.0,668,26.3875,138,2,14,,43,1
2.0,560,0,34.0,0.0,0.0,646,10.5,165,2,7,,54,1
1.0,135,0,60.0,0.0,0.0,73,76.2917,107,0,18,,220,1
2.0,355,1,24.0,0.0,0.0,131,13.0,170,2,26,155.0,56,0
2.0,997,0,33.0,1.0,2.0,648,27.75,170,2,1,,30,1
1.0,124,1,41.0,0.0,0.0,27,30.5,6,2,26,,224,0
3.0,733,0,8.0,3.0,1.0,464,21.075,170,2,26,,313,0
2.0,994,0,4.0,1.0,1.0,273,23.0,170,2,7,,68,1
3.0,316,1,18.0,2.0,2.0,773,34.375,170,2,26,,231,0
2.0,444,1,21.0,0.0,0.0,716,73.5,170,2,26,,194,0
3.0,354,1,22.0,0.0,0.0,92,8.05,170,2,26,47.0,313,0
3.0,684,1,,0.0,0.0,440,7.8958,170,2,26,,313,0
3.0,737,1,2.0,4.0,1.0,289,39.6875,170,2,26,,313,0
1.0,429,0,44.0,0.0,1.0,9,57.9792,20,0,13,,54,1
1.0,396,1,48.0,1.0,0.0,678,76.7292,114,0,12,,195,1
3.0,960,1,36.0,0.0,0.0,453,7.8958,170,2,26,,313,0
2.0,534,1,31.0,0.0,0.0,634,10.5,170,2,26,165.0,267,0
3.0,161,0,37.0,0.0,0.0,528,7.75,170,1,26,,63,0
3.0,840,1,38.5,0.0,0.0,735,7.25,170,2,26,32.0,313,0
1.0,272,1,50.0,1.0,0.0,708,106.425,98,0,26,62.0,75,0
1.0,933,0,18.0,0.0,2.0,1,79.65,155,2,18,,195,1
3.0,1014,1,28.5,0.0,0.0,577,16.1,170,2,26,14.0,313,0
1.0,1012,0,21.0,0.0,0.0,52,26.55,170,2,19,,85,1
3.0,240,0,28.0,1.0,1.0,388,14.4,170,2,26,,259,0
3.0,553,0,,3.0,1.0,572,25.4667,170,2,26,,313,0
3.0,292,1,45.0,0.0,0.0,371,6.975,170,2,26,,89,0
2.0,500,0,22.0,0.0,0.0,663,21.0,170,2,26,,139,0
1.0,274,0,48.0,1.0,0.0,708,106.425,98,0,11,,75,1
1.0,751,1,29.0,1.0,0.0,40,66.6,71,2,26,,146,0
2.0,435,1,50.0,0.0,0.0,184,13.0,170,2,26,149.0,246,0
3.0,455,1,,0.0,0.0,427,7.8958,170,2,26,,313,0
3.0,929,1,14.0,0.0,0.0,588,9.225,170,2,4,,313,1
2.0,217,0,30.0,0.0,0.0,141,13.0,170,2,26,,229,0
3.0,1032,1,27.0,0.0,0.0,226,7.225,170,0,26,,313,0
2.0,464,1,47.0,0.0,0.0,143,15.0,170,2,26,,203,0
3.0,340,1,,0.0,0.0,497,14.5,170,2,26,,313,0
3.0,541,1,,0.0,0.0,93,56.4958,170,2,26,,313,0
3.0,943,1,,0.0,0.0,240,7.225,170,0,26,,313,0
3.0,55,1,21.0,0.0,0.0,245,7.225,170,0,26,,210,0
1.0,907,0,,1.0,0.0,677,146.5208,48,0,16,,214,1
3.0,678,1,,0.0,0.0,425,7.8958,170,2,26,,313,0
1.0,1023,1,62.0,0.0,0.0,60,26.55,170,2,26,,124,0
3.0,58,1,30.0,0.0,0.0,246,7.225,170,0,26,,210,0
3.0,572,1,36.0,1.0,0.0,465,15.55,170,2,21,,313,0
2.0,580,1,61.0,0.0,0.0,136,12.35,170,1,26,,313,0
3.0,1042,1,11.5,1.0,1.0,625,14.5,170,2,26,1.0,313,0
2.0,558,0,,0.0,0.0,177,33.0,170,2,2,,167,1
3.0,543,1,,0.0,0.0,595,7.75,170,1,26,,313,0
2.0,424,1,24.0,2.0,0.0,716,73.5,170,2,26,,298,0
2.0,637,1,19.0,0.0,0.0,768,10.5,170,2,22,,53,1
3.0,48,1,5.0,4.0,2.0,385,31.3875,170,2,26,,266,0
2.0,989,0,12.0,0.0,0.0,645,15.75,170,2,20,,1,1
2.0,391,1,44.0,0.0,0.0,183,13.0,170,2,26,35.0,242,0
3.0,243,1,27.0,0.0,0.0,426,7.8958,170,2,26,,48,0
3.0,886,0,2.0,3.0,2.0,394,27.9,170,2,26,,313,0
3.0,760,1,22.0,0.0,0.0,614,7.25,170,2,26,,313,0
2.0,974,1,40.0,0.0,0.0,261,13.0,170,2,26,,17,0
3.0,100,1,20.0,0.0,0.0,205,4.0125,170,0,26,,275,0
3.0,385,0,24.0,1.0,0.0,763,15.85,170,2,8,,313,1
3.0,568,1,24.0,0.0,0.0,367,9.5,170,2,26,,313,0
3.0,451,1,42.0,0.0,0.0,407,7.65,162,2,26,120.0,313,0
3.0,180,1,21.0,0.0,0.0,621,7.7333,170,1,26,,144,0
2.0,188,0,45.0,0.0,2.0,150,30.0,170,2,3,,164,1
2.0,276,1,54.0,0.0,0.0,263,26.0,170,2,26,,132,0
3.0,809,1,,0.0,0.0,506,14.5,170,2,26,,313,0
3.0,593,1,,0.0,0.0,650,7.55,170,2,26,,313,0
1.0,578,0,51.0,0.0,1.0,684,39.4,112,2,20,,214,1
3.0,506,1,,0.0,0.0,315,7.25,170,2,21,,313,0
3.0,829,1,16.0,0.0,0.0,608,8.05,170,2,26,,313,0
3.0,388,1,26.0,1.0,0.0,468,7.8542,170,2,26,,313,0
2.0,594,0,57.0,0.0,0.0,714,10.5,156,2,26,52.0,247,0
3.0,869,1,,0.0,0.0,652,15.1,170,2,26,,313,0
3.0,798,1,7.0,4.0,1.0,563,29.125,170,1,26,,313,0
3.0,936,1,25.0,0.0,0.0,471,7.7958,170,2,5,,313,1
1.0,330,0,22.0,0.0,2.0,87,49.5,31,0,14,,312,1
1.0,45,1,71.0,0.0,0.0,696,49.5042,170,0,26,22.0,187,0
3.0,711,0,,0.0,0.0,320,7.6292,170,1,26,,313,0
1.0,442,1,35.0,0.0,0.0,11,26.55,170,0,8,,141,1
3.0,313,1,,0.0,0.0,518,7.75,170,1,26,,142,0
3.0,289,1,18.0,0.0,0.0,467,7.775,170,2,26,,281,0
3.0,26,1,4.0,4.0,2.0,389,31.275,170,2,26,,271,0
3.0,544,1,26.0,0.0,0.0,93,56.4958,170,2,7,,313,1
1.0,283,1,39.0,0.0,0.0,679,29.7,4,0,26,133.0,220,0
1.0,772,1,52.0,0.0,0.0,45,30.5,57,2,16,,283,1
2.0,130,1,60.0,1.0,1.0,280,39.0,170,2,26,,52,0
2.0,191,0,28.0,1.0,0.0,111,26.0,170,2,7,,97,1
2.0,957,1,23.0,0.0,0.0,130,13.0,170,2,26,,313,0
3.0,812,1,50.0,1.0,0.0,624,14.5,170,2,26,119.0,313,0
2.0,880,0,30.0,0.0,0.0,187,13.0,170,2,1,,103,1
3.0,210,0,30.0,0.0,0.0,333,7.6292,170,1,26,,142,0
1.0,898,1,24.0,1.0,0.0,113,82.2667,35,2,17,,186,1
3.0,24,0,19.0,1.0,0.0,478,7.8542,170,2,10,,313,1
3.0,716,1,28.0,0.0,0.0,629,22.525,170,2,26,173.0,313,0
3.0,127,1,22.0,1.0,0.0,612,7.25,170,2,26,,32,0
3.0,52,1,23.0,0.0,0.0,483,7.7958,170,2,4,,207,1
1.0,813,1,31.0,0.0,0.0,682,50.4958,8,2,26,,286,0
3.0,523,0,4.0,0.0,2.0,313,22.025,170,2,11,,313,1
3.0,1041,1,,1.0,1.0,625,14.5,170,2,26,,313,0
1.0,206,0,39.0,1.0,1.0,703,83.1583,148,0,7,,157,1
1.0,741,1,,0.0,0.0,15,0.0,170,2,26,,20,0
3.0,477,1,29.0,0.0,0.0,401,7.8542,170,2,26,,313,0
3.0,68,1,40.0,0.0,0.0,194,7.225,170,0,26,,313,0
3.0,50,1,13.0,4.0,2.0,385,31.3875,170,2,26,,272,0
3.0,367,1,14.0,5.0,2.0,654,46.9,170,2,26,,305,0
3.0,699,1,21.0,0.0,0.0,610,7.8,170,2,26,,313,0
3.0,535,1,,0.0,0.0,195,7.225,170,0,26,,313,0
3.0,590,1,32.0,0.0,0.0,485,7.5792,170,2,8,,313,1
3.0,945,0,,1.0,0.0,558,16.1,170,2,1,,313,1
2.0,689,1,19.0,1.0,1.0,644,36.75,170,2,26,101.0,71,0
1.0,810,1,,0.0,0.0,704,227.525,170,0,26,,313,0
2.0,460,0,24.0,2.0,1.0,163,27.0,170,2,3,,164,1
1.0,1006,0,45.0,1.0,1.0,534,164.8667,170,2,18,,311,1
1.0,82,0,32.0,0.0,0.0,73,76.2917,107,0,18,,313,1
1.0,585,1,30.0,0.0,0.0,56,45.5,170,2,26,,169,0
2.0,337,1,38.0,1.0,0.0,268,21.0,170,2,26,,70,0
3.0,674,0,15.0,0.0,0.0,223,7.225,170,0,23,,313,1
3.0,788,0,,0.0,0.0,580,8.1125,170,2,26,,313,0
1.0,916,1,54.0,1.0,0.0,72,55.4417,62,0,0,,201,1
2.0,624,1,30.0,0.0,0.0,129,13.0,170,2,26,,239,0
2.0,39,1,34.0,1.0,0.0,121,26.0,170,2,26,,294,0
1.0,19,0,29.0,0.0,0.0,161,211.3375,37,2,11,,258,1
2.0,958,0,28.0,0.0,0.0,160,12.65,170,2,26,,65,1
3.0,521,0,22.0,2.0,0.0,312,8.6625,170,2,26,,313,0
3.0,9,1,26.0,0.0,0.0,343,8.05,170,2,26,103.0,28,0
3.0,233,1,22.5,0.0,0.0,249,7.225,170,0,26,9.0,313,0
2.0,87,1,1.0,2.0,1.0,125,39.0,167,2,2,,121,1
2.0,604,1,31.0,1.0,1.0,712,37.0042,170,0,26,,213,0
3.0,1020,1,36.0,0.0,0.0,360,9.5,170,2,26,,313,0
3.0,279,1,33.0,0.0,0.0,447,7.8958,170,0,26,51.0,12,0
3.0,515,1,,1.0,0.0,217,14.4542,170,0,26,,313,0
1.0,165,0,14.0,1.0,2.0,37,120.0,54,2,13,,45,1
2.0,129,0,15.0,0.0,2.0,280,39.0,170,2,7,,52,1
3.0,531,1,,0.0,0.0,459,7.8958,170,0,26,,313,0
3.0,263,0,19.0,0.0,0.0,329,7.8792,170,1,23,,150,1
1.0,125,1,48.0,0.0,0.0,683,50.4958,17,0,26,208.0,206,0
2.0,727,1,39.0,0.0,0.0,259,13.0,170,2,26,,183,0
3.0,847,0,,1.0,9.0,657,69.55,170,2,26,,313,0
1.0,988,0,60.0,1.0,0.0,5,75.25,118,0,14,,225,1
1.0,687,1,58.0,0.0,2.0,493,113.275,125,0,26,122.0,158,0
2.0,781,1,30.0,0.0,0.0,647,12.7375,170,0,7,,184,1
3.0,768,0,28.0,0.0,0.0,451,7.8958,170,2,26,,313,0
3.0,982,1,,0.0,0.0,499,8.05,170,2,26,,313,0
3.0,830,1,,0.0,0.0,550,24.15,170,1,26,,313,0
1.0,894,1,24.0,1.0,0.0,88,60.0,76,2,26,,135,0
1.0,407,1,,0.0,0.0,95,30.0,122,2,12,,151,1
1.0,220,0,55.0,2.0,0.0,69,25.7,55,2,11,,195,1
3.0,787,1,,0.0,0.0,430,7.8958,170,2,26,,313,0
3.0,384,1,28.0,1.0,0.0,763,15.85,170,2,26,,313,0
2.0,1034,1,32.0,0.0,0.0,169,13.0,170,2,26,,227,0
2.0,98,1,23.0,0.0,0.0,266,13.0,170,2,26,,255,0
1.0,512,1,58.0,0.0,0.0,70,29.7,30,0,26,258.0,47,0
3.0,890,1,,0.0,0.0,748,8.05,170,2,26,,313,0
3.0,818,0,2.0,1.0,1.0,539,20.2125,170,2,26,,313,0
1.0,102,0,29.0,0.0,0.0,672,221.7792,103,2,18,,313,1
1.0,436,0,51.0,1.0,0.0,83,77.9583,106,2,1,,134,1
3.0,745,1,,0.0,0.0,342,8.7125,170,0,26,,313,0
3.0,136,1,19.0,0.0,0.0,517,6.75,170,1,26,,59,0
1.0,328,1,50.0,2.0,0.0,698,133.65,170,2,14,,195,1
1.0,876,1,50.0,1.0,0.0,84,55.9,145,2,26,,85,0
2.0,950,0,50.0,0.0,0.0,662,10.5,170,2,20,,141,1
3.0,722,0,20.0,0.0,0.0,308,8.6625,170,2,26,,313,0
1.0,228,1,70.0,1.0,1.0,776,71.0,23,2,26,269.0,185,0
3.0,713,0,22.0,0.0,0.0,391,7.775,170,2,23,,313,1
3.0,226,0,17.0,0.0,1.0,551,16.1,170,2,3,,29,1
3.0,816,1,,0.0,0.0,296,7.775,170,2,26,,313,0
2.0,332,1,,0.0,0.0,154,0.0,170,2,26,,20,0
1.0,321,0,23.0,3.0,2.0,108,263.0,73,2,1,,307,1
3.0,734,0,29.0,0.0,4.0,464,21.075,170,2,26,206.0,313,0
2.0,403,1,43.0,1.0,1.0,661,26.25,170,2,26,,136,0
1.0,230,0,64.0,1.0,1.0,22,26.55,25,2,17,,185,1
1.0,266,0,17.0,1.0,0.0,100,57.0,22,2,12,,50,1
1.0,980,1,47.0,0.0,0.0,537,34.0208,123,2,26,,87,0
1.0,85,1,36.0,0.0,0.0,79,75.2417,88,0,21,,308,0
1.0,571,1,42.0,0.0,0.0,101,26.55,170,2,26,,260,0
1.0,752,0,22.0,1.0,0.0,40,66.6,71,2,18,,146,1
2.0,72,0,36.0,0.0,0.0,267,13.0,104,2,1,,36,1
2.0,658,1,54.0,0.0,0.0,271,14.0,170,2,26,,106,0
1.0,1009,0,50.0,1.0,1.0,31,211.5,94,0,13,,90,1
3.0,294,1,39.0,0.0,2.0,232,7.2292,170,0,26,,279,0
3.0,853,1,,2.0,0.0,219,21.6792,170,0,26,,313,0
2.0,805,0,50.0,0.0,0.0,769,10.5,170,2,4,,175,1
3.0,97,1,22.0,0.0,0.0,709,9.35,170,2,26,,284,0
3.0,676,1,20.0,1.0,1.0,210,15.7417,170,0,23,,313,1
3.0,792,1,38.0,0.0,0.0,455,7.8958,170,2,26,,313,0
2.0,88,0,4.0,2.0,1.0,125,39.0,167,2,2,,121,1
3.0,717,1,,0.0,0.0,664,7.3125,170,2,26,,313,0
1.0,1002,1,21.0,0.0,1.0,494,77.2875,111,2,26,169.0,44,0
3.0,508,0,,0.0,0.0,599,7.75,170,1,10,,313,1
1.0,81,0,50.0,0.0,1.0,675,247.5208,42,0,16,,188,1
1.0,182,0,30.0,0.0,0.0,0,86.5,47,2,18,,174,1
3.0,775,1,32.0,0.0,0.0,743,8.05,132,2,20,,313,1
3.0,814,1,,0.0,0.0,711,8.05,170,2,26,,313,0
3.0,197,1,36.0,0.0,0.0,419,7.4958,170,2,26,,48,0
1.0,320,0,28.0,3.0,2.0,108,263.0,73,2,1,,307,1
3.0,210,0,22.0,0.0,0.0,545,7.75,170,1,4,,142,1
2.0,683,1,36.5,0.0,2.0,124,26.0,164,2,26,15.0,202,0
3.0,951,1,44.0,0.0,0.0,509,8.05,170,2,26,,313,0
2.0,341,0,34.0,0.0,0.0,164,13.0,170,2,3,,43,1
1.0,877,0,39.0,1.0,0.0,84,55.9,145,2,2,,85,1
3.0,860,1,24.5,0.0,0.0,346,8.05,170,2,26,284.0,313,0
3.0,386,1,20.0,0.0,0.0,358,9.5,170,2,26,,313,0
1.0,935,0,39.0,1.0,1.0,1,79.65,154,2,18,,195,1
1.0,833,0,21.0,2.0,2.0,695,262.375,41,0,13,,129,1
3.0,4,1,25.0,0.0,0.0,408,7.65,162,2,21,,219,1
3.0,652,1,6.0,0.0,1.0,570,12.475,135,2,7,,313,1
2.0,213,0,22.0,0.0,0.0,771,10.5,165,2,7,,217,1
3.0,969,1,47.0,0.0,0.0,355,9.0,170,2,26,,313,0
3.0,570,0,45.0,0.0,0.0,382,7.75,170,2,26,,313,0
2.0,177,1,52.0,0.0,0.0,178,13.5,170,2,26,130.0,41,0
2.0,286,0,30.0,1.0,0.0,726,13.8583,170,0,3,,16,1
3.0,114,1,6.0,1.0,1.0,234,15.2458,170,0,26,,277,0
3.0,838,1,,0.0,0.0,527,7.7292,170,1,26,,313,0
3.0,653,0,27.0,0.0,1.0,570,12.475,135,2,7,,313,1
3.0,482,0,27.0,0.0,2.0,405,11.1333,170,2,8,,313,1
2.0,774,1,43.0,0.0,1.0,713,21.0,170,2,26,,137,0
3.0,550,1,29.0,0.0,0.0,376,7.775,170,2,26,,313,0
3.0,588,1,51.0,0.0,0.0,406,7.0542,170,2,26,,313,0
2.0,615,1,30.0,0.0,0.0,262,13.0,170,2,26,,254,0
3.0,849,1,24.0,0.0,0.0,585,9.325,170,2,26,,313,0
2.0,459,1,42.0,1.0,0.0,163,27.0,170,2,26,,164,0
1.0,654,1,47.0,0.0,0.0,53,42.4,170,2,26,,295,0
3.0,528,0,1.0,1.0,1.0,486,12.1833,170,2,26,,313,0
1.0,507,1,32.5,0.0,0.0,31,211.5,69,0,26,45.0,313,0
1.0,591,0,58.0,0.0,0.0,677,146.5208,50,0,26,,313,1
1.0,377,1,46.0,0.0,0.0,685,79.2,51,0,26,,195,0
1.0,758,0,17.0,1.0,0.0,705,108.9,90,0,18,,180,1
2.0,932,1,14.0,0.0,0.0,120,65.0,170,2,26,,245,0
3.0,1035,1,36.5,1.0,0.0,352,17.4,170,2,8,,280,1
2.0,1013,1,,0.0,0.0,172,13.0,170,2,7,,126,1
3.0,1038,1,16.0,0.0,0.0,364,9.5,170,2,26,,313,0
1.0,409,1,55.0,1.0,1.0,77,93.5,44,2,26,307.0,188,0
3.0,468,1,48.0,0.0,0.0,479,7.8542,170,2,26,,313,0
3.0,641,1,,0.0,0.0,498,8.05,170,2,26,,313,0
1.0,193,1,,0.0,0.0,2,52.0,2,2,26,,263,0
3.0,315,1,,0.0,0.0,611,8.05,170,2,26,,33,0
2.0,338,1,34.0,1.0,0.0,268,21.0,170,2,26,,70,0
3.0,517,1,,1.0,0.0,523,7.75,170,1,26,,313,0
3.0,49,1,9.0,4.0,2.0,385,31.3875,170,2,26,,272,0
1.0,783,0,56.0,0.0,1.0,67,83.1583,83,0,17,,191,1
1.0,91,1,37.0,1.0,1.0,62,52.5542,116,2,14,,195,1
3.0,881,1,22.0,0.0,0.0,225,7.2292,170,0,26,,313,0
1.0,108,1,28.0,0.0,0.0,4,26.55,84,2,25,,261,1
3.0,312,1,26.0,0.0,0.0,321,7.8792,170,1,26,,143,0
3.0,463,1,,0.0,0.0,736,7.05,170,2,26,,313,0
3.0,682,0,,0.0,0.0,519,7.75,170,1,26,,313,0
1.0,934,1,52.0,1.0,1.0,1,79.65,154,2,26,,195,0
3.0,498,1,33.0,0.0,0.0,399,7.8542,170,2,26,,313,0
3.0,724,1,16.0,0.0,0.0,587,9.2167,170,2,26,,313,0
3.0,748,1,0.75,1.0,1.0,742,13.775,170,2,26,,313,0
1.0,322,1,19.0,3.0,2.0,108,263.0,73,2,26,,307,0
3.0,753,1,,0.0,0.0,351,7.775,170,2,26,,313,0
2.0,470,0,23.0,0.0,0.0,724,13.7917,104,0,2,,195,1
3.0,473,1,26.0,0.0,0.0,379,7.775,170,2,8,,313,1
1.0,450,0,35.0,1.0,0.0,106,90.0,102,2,25,,196,1
2.0,304,0,29.0,1.0,0.0,279,26.0,170,2,10,,313,1
1.0,1021,1,,0.0,0.0,107,35.5,84,2,25,,174,1
3.0,948,1,,0.0,0.0,423,7.8958,170,2,26,,313,0
3.0,480,1,33.0,0.0,0.0,372,7.775,170,2,26,37.0,313,0
3.0,735,1,1.0,4.0,1.0,289,39.6875,170,2,26,,313,0
3.0,154,1,21.0,0.0,0.0,601,8.05,170,2,26,,313,0
3.0,505,1,,0.0,0.0,76,7.75,170,1,26,,313,0
2.0,914,1,41.0,0.0,0.0,147,15.0458,170,0,26,,195,0
2.0,1022,0,26.0,0.0,0.0,119,13.5,170,2,20,,310,1
1.0,862,0,35.0,1.0,0.0,82,57.75,74,0,2,,195,1
1.0,848,0,24.0,0.0,0.0,671,69.3,29,0,20,,313,1
3.0,211,1,70.5,0.0,0.0,541,7.75,170,1,26,171.0,313,0
3.0,155,1,,1.0,0.0,243,14.4583,170,0,26,,210,0
3.0,600,0,,0.0,0.0,325,7.8792,170,1,26,,313,0
2.0,616,1,40.0,0.0,0.0,152,16.0,170,2,26,,303,0
3.0,481,1,19.0,0.0,0.0,665,0.0,170,2,26,,313,0
1.0,347,0,22.0,0.0,1.0,21,59.4,170,0,17,,195,1
3.0,978,1,22.0,0.0,0.0,356,9.0,170,2,26,,5,0
1.0,282,1,49.0,1.0,0.0,673,56.9292,5,0,0,,170,1
1.0,487,1,46.0,0.0,0.0,584,26.0,170,2,26,80.0,23,0
2.0,603,1,,0.0,0.0,148,15.0458,104,0,26,,211,0
3.0,895,1,,0.0,0.0,567,7.75,170,1,26,,313,0
1.0,318,1,30.0,0.0,0.0,26,27.75,61,0,26,,195,0
3.0,646,1,21.0,0.0,0.0,420,7.8958,170,2,26,,313,0
3.0,172,1,24.0,0.0,0.0,349,8.05,170,2,26,,164,0
3.0,365,1,11.0,5.0,2.0,654,46.9,170,2,26,,305,0
3.0,645,1,24.0,0.0,0.0,439,7.8958,170,2,26,,313,0
3.0,826,1,50.0,0.0,0.0,619,8.05,170,2,26,,313,0
3.0,559,1,34.5,0.0,0.0,239,6.4375,170,0,26,196.0,313,0
3.0,66,0,5.0,2.0,1.0,222,19.2583,170,0,23,,278,1
1.0,896,0,18.0,1.0,0.0,88,60.0,76,2,16,,135,1
1.0,174,0,47.0,1.0,0.0,774,61.175,139,2,13,,4,1
2.0,259,1,25.0,0.0,0.0,641,31.5,170,2,26,,117,0
3.0,725,0,31.0,0.0,0.0,450,8.6833,170,2,26,,313,1
3.0,476,1,31.0,0.0,0.0,373,7.775,170,2,26,,313,0
2.0,791,1,36.0,0.0,0.0,633,10.5,170,2,26,,35,0
3.0,275,0,30.0,0.0,0.0,510,12.475,170,2,4,,288,1
3.0,852,1,,2.0,0.0,219,21.6792,170,0,26,,313,0
1.0,456,0,50.0,0.0,0.0,687,28.7125,82,0,26,,216,0
1.0,120,0,22.0,0.0,1.0,32,55.0,140,2,16,,257,1
1.0,821,1,46.0,0.0,0.0,681,79.2,170,0,26,16.0,195,0
1.0,229,0,36.0,0.0,2.0,776,71.0,23,2,17,,185,1
3.0,540,1,,0.0,0.0,93,56.4958,170,2,23,,313,1
3.0,413,0,26.0,0.0,0.0,764,7.925,170,2,26,,313,1
2.0,190,1,29.0,1.0,0.0,111,26.0,170,2,26,,97,0
3.0,673,1,22.0,0.0,0.0,416,7.8958,170,2,26,,313,0
3.0,841,1,,8.0,2.0,657,69.55,170,2,26,,313,0
3.0,244,1,25.0,0.0,0.0,413,7.8958,170,2,26,,48,0
2.0,651,1,27.0,0.0,0.0,112,13.0,170,2,26,,309,0
3.0,663,0,,0.0,0.0,197,7.2292,170,0,26,,313,1
2.0,990,0,32.5,0.0,0.0,253,13.0,133,2,3,,95,1
2.0,672,1,62.0,0.0,0.0,158,9.6875,170,1,26,,51,0
1.0,519,1,42.0,1.0,0.0,64,52.5542,108,2,14,,27,1
1.0,906,1,57.0,1.0,0.0,677,146.5208,48,0,26,,214,0
3.0,458,1,,0.0,0.0,411,7.8958,170,2,26,,313,0
2.0,802,1,23.0,0.0,0.0,725,15.0458,170,0,26,,213,0
3.0,195,1,18.0,0.0,0.0,618,8.05,170,2,3,,172,1
2.0,537,1,30.0,1.0,1.0,189,26.0,170,2,26,,186,0
1.0,747,1,23.0,0.0,0.0,77,93.5,24,2,26,,188,0
3.0,35,0,39.0,1.0,5.0,389,31.275,170,2,26,,271,0
1.0,688,0,19.0,0.0,2.0,63,26.2833,124,2,14,,195,1
3.0,679,1,,0.0,0.0,209,7.2292,170,0,26,,313,0
3.0,379,1,37.0,2.0,0.0,285,7.925,170,2,26,98.0,234,0
1.0,533,0,39.0,0.0,0.0,161,211.3375,170,2,11,,313,1
3.0,503,1,,0.0,0.0,251,7.2292,170,0,26,,313,0
3.0,236,0,30.0,0.0,0.0,561,6.95,170,1,8,,57,1
3.0,484,0,,1.0,2.0,772,23.45,170,2,26,,313,0
3.0,930,1,24.0,0.0,0.0,473,7.7958,170,2,26,,313,0
3.0,112,1,26.0,0.0,0.0,431,7.8958,170,2,26,,48,0
3.0,47,1,35.0,0.0,0.0,738,7.05,170,2,26,,313,0
1.0,137,0,41.0,0.0,0.0,94,134.5,144,0,12,,313,1
1.0,879,1,56.0,0.0,0.0,80,35.5,9,0,12,,18,1
3.0,718,1,32.0,0.0,0.0,387,7.775,170,2,21,,313,1
3.0,953,1,25.0,0.0,0.0,665,0.0,170,2,8,,313,1
3.0,965,0,30.0,1.0,1.0,361,24.15,170,2,26,,313,0
3.0,479,1,49.0,0.0,0.0,665,0.0,170,2,26,,313,0
3.0,389,1,21.0,0.0,0.0,470,7.8542,170,2,26,69.0,313,0
1.0,269,1,4.0,0.0,2.0,341,81.8583,13,2,14,,238,1
1.0,513,1,41.0,1.0,0.0,99,51.8625,110,2,26,,248,0
2.0,280,1,8.0,0.0,2.0,260,32.5,170,2,1,,113,1
3.0,868,1,29.0,0.0,0.0,365,9.5,170,2,2,,313,1
2.0,70,1,23.0,0.0,0.0,642,10.5,170,2,26,,116,0
3.0,690,1,12.0,1.0,0.0,208,11.2417,170,0,23,,313,1
1.0,110,1,40.0,0.0,0.0,19,31.0,11,0,17,,110,1
3.0,235,1,19.0,0.0,0.0,435,10.1708,170,2,26,,11,0
2.0,199,1,29.0,0.0,0.0,770,10.5,170,2,26,,127,0
2.0,305,1,18.0,0.0,0.0,632,10.5,170,2,26,,72,0
3.0,119,1,21.0,0.0,0.0,577,16.1,170,2,26,,285,0
2.0,350,1,47.0,0.0,0.0,639,10.5,170,2,26,,67,0
1.0,393,0,25.0,1.0,0.0,66,55.4417,149,0,14,,43,1
1.0,891,1,28.0,0.0,0.0,47,35.5,15,2,17,,193,1
3.0,598,1,22.0,0.0,0.0,754,7.125,170,2,26,,313,0
1.0,76,1,80.0,0.0,0.0,252,30.0,7,2,22,,131,1
3.0,756,1,25.0,0.0,0.0,760,7.925,170,2,26,,313,0
2.0,740,1,,0.0,0.0,153,0.0,170,2,26,,20,0
2.0,1039,1,29.0,1.0,0.0,730,27.7208,170,0,26,295.0,179,0
3.0,394,1,25.0,0.0,0.0,555,7.25,170,2,22,,313,0
3.0,214,1,35.0,0.0,0.0,437,7.8958,170,2,26,,11,0
3.0,310,1,,0.0,0.0,514,7.75,170,1,26,,313,0
1.0,208,0,64.0,0.0,2.0,703,83.1583,146,0,7,,157,1
3.0,2,0,35.0,1.0,1.0,637,20.25,170,2,21,,88,1
2.0,250,0,48.0,0.0,2.0,644,36.75,170,2,7,,256,1
1.0,564,1,35.0,0.0,0.0,702,512.3292,18,0,12,,313,1
3.0,376,1,,0.0,0.0,557,8.05,170,2,26,,313,0
1.0,584,0,21.0,0.0,0.0,83,77.9583,131,2,1,,134,1
2.0,156,1,19.0,0.0,0.0,265,13.0,170,2,26,18.0,255,0
3.0,439,1,43.0,0.0,0.0,630,6.45,170,2,26,,313,0
3.0,823,0,,0.0,0.0,345,8.05,170,2,23,,313,1
1.0,824,0,33.0,0.0,0.0,0,86.5,47,2,18,,165,1
3.0,462,1,21.0,0.0,0.0,472,7.7958,170,2,21,,313,1
1.0,904,1,45.0,1.0,1.0,94,134.5,141,0,12,,287,1
1.0,398,1,,0.0,0.0,53,42.4,170,2,26,,313,0
3.0,770,1,25.0,1.0,0.0,384,7.775,170,2,26,,313,0
1.0,937,1,49.0,1.0,1.0,96,110.8833,91,0,26,,128,0
2.0,6,0,28.0,1.0,0.0,667,24.0,170,0,1,,236,1
3.0,262,1,36.0,0.0,0.0,615,7.25,170,2,26,,313,0
3.0,306,1,18.0,0.0,0.0,474,7.7958,170,2,26,,313,0
2.0,784,1,27.0,0.0,0.0,731,15.0333,170,0,26,,211,0
3.0,107,1,18.0,0.0,0.0,396,7.75,170,2,26,,262,0
3.0,779,1,24.0,0.0,0.0,304,8.6625,170,2,26,,313,0
3.0,483,1,,1.0,2.0,772,23.45,170,2,26,,313,0
3.0,260,1,,0.0,0.0,432,7.8958,170,2,26,,49,0
1.0,25,1,48.0,0.0,0.0,109,26.55,134,2,12,,195,1
3.0,581,1,30.0,1.0,0.0,623,16.1,170,2,26,,313,0
3.0,839,1,,0.0,0.0,666,7.575,170,2,26,,313,0
1.0,298,0,38.0,0.0,0.0,704,227.525,79,0,13,,195,1
1.0,650,1,55.0,0.0,0.0,46,30.5,75,2,26,,188,0
1.0,131,0,44.0,0.0,0.0,697,27.7208,32,0,16,,79,1
2.0,203,0,8.0,0.0,2.0,643,26.25,170,2,7,,26,1
3.0,975,1,20.0,0.0,0.0,491,7.8542,170,2,26,,313,0
1.0,397,0,49.0,1.0,0.0,678,76.7292,114,0,12,,195,1
3.0,746,1,32.0,0.0,0.0,448,7.8958,170,2,26,,313,0
3.0,719,1,20.0,0.0,0.0,582,9.225,170,2,26,89.0,209,0
1.0,642,1,65.0,0.0,0.0,85,26.55,142,2,26,249.0,86,0
3.0,702,1,61.0,0.0,0.0,350,6.2375,170,2,26,,313,0
1.0,106,0,19.0,1.0,0.0,74,91.0792,36,0,17,,84,1
3.0,738,1,16.0,4.0,1.0,289,39.6875,170,2,26,,313,0
3.0,789,1,,0.0,0.0,200,7.2292,170,0,26,,313,0
1.0,640,0,,1.0,0.0,693,82.1708,170,0,16,,195,1
3.0,95,1,26.0,0.0,0.0,377,7.775,170,2,26,,155,0
3.0,28,0,2.0,4.0,2.0,389,31.275,170,2,26,,271,0
2.0,334,0,38.0,0.0,0.0,146,13.0,170,2,26,,148,0
3.0,231,1,17.0,0.0,0.0,303,8.6625,170,2,26,,13,0
3.0,659,1,,0.0,0.0,552,7.75,170,1,26,,313,0
1.0,192,0,22.0,0.0,0.0,42,151.55,170,2,2,,313,1
3.0,797,1,4.0,4.0,1.0,563,29.125,170,1,26,,313,0
3.0,614,1,,0.0,0.0,461,7.8958,170,0,26,,313,0
1.0,644,1,44.0,2.0,0.0,105,90.0,93,1,26,230.0,104,0
3.0,431,0,22.0,1.0,1.0,292,12.2875,170,2,8,,313,1
